Date,Title,Link
15th December 2021,Don’t miss Trackmania Grand League Fall 2021 Finals!,https://www.trackmania.com/2021/12/15/dont-miss-trackmania-grand-league-fall-2021-finals/
14th October 2021,Trackmania Grand League Fall 2021 is about to start,https://www.trackmania.com/2021/10/14/trackmania-grand-league-fall-2021-is-about-to-start/
1st October 2021,THE FALL 2021 CAMPAIGN IS OUT,https://www.trackmania.com/2021/10/01/the-fall-2021-campaign-is-out/
31st August 2021,Ranked 3V3 point system update,https://www.trackmania.com/2021/08/31/ranked-3v3-points-update/
11th August 2021,Cup of The Day is now available three times a day!,https://www.trackmania.com/2021/08/11/cup-of-the-day-is-now-available-three-times-a-day/
26th July 2021,What is the Super Royal mode?,https://www.trackmania.com/2021/07/26/what-is-the-super-royal-mode/
1st July 2021,The Summer 2021 Campaign is out!,https://www.trackmania.com/2021/07/01/the-summer-2021-campaign-is-out/
14th June 2021,Send your Royal maps in review!,https://www.trackmania.com/2021/06/14/send-your-royal-maps-in-review/
12th June 2021,The new Royal mode is out!,https://www.trackmania.com/2021/06/12/the-new-royal-mode-is-out/
6th May 2021,Update: Ranked squadding feature is available now!,https://www.trackmania.com/2021/05/06/update-matchmaking-squadding-feature-is-available-now/
1st April 2021,The Spring 2021 Campaign is out!,https://www.trackmania.com/2021/04/01/the-spring-2021-campaign-is-out/
18th March 2021,Update: Club items are available!,https://www.trackmania.com/2021/03/18/update-club-items-are-available/
12th March 2021,Update: Cup Of The Day & Ranked improvements,https://www.trackmania.com/2021/03/12/update-cup-of-the-day-matchmaking-improvements/
26th February 2021,Ranked points update & more,https://www.trackmania.com/2021/02/26/matchmaking-points-update-more/
16th February 2021,Add your room to the Arcade channel,https://www.trackmania.com/2021/02/16/add-your-room-into-to-the-arcade-channel/
15th February 2021,Update: Ranked improvements,https://www.trackmania.com/2021/02/15/update-matchmaking-improvements/
4th February 2021,The Ranked 3v3 Beta is open! Test it for Free,https://www.trackmania.com/2021/02/04/the-matchmaking-3v3-beta-is-open-test-it-for-free/
27th January 2021,Earn trophies with the Cup of the Day mode !,https://www.trackmania.com/2021/01/27/earn-trophies-with-the-cup-of-the-day-mode/
7th January 2021,Update: Map review in your club,https://www.trackmania.com/2021/01/07/update-map-review-in-your-club/
1st January 2021,The Winter 2021 Campaign Is Out!,https://www.trackmania.com/2021/01/01/the-winter-2021-campaign-is-out/
15th December 2020,The Nadeo Importer is now available for Trackmania!,https://www.trackmania.com/2020/12/15/the-nadeo-importer-is-now-available-for-trackmania/
2nd November 2020,Cup of the Day arrives in Trackmania,https://www.trackmania.com/2020/11/02/cup-of-the-day-arrives-in-trackmania/
28th October 2020,Competition tool and the highlighting of your event in Trackmania!,https://www.trackmania.com/2020/10/28/competition-tool-and-the-highlighting-of-your-event-in-trackmania/
1st October 2020,The Fall 2020 campaign is out!,https://www.trackmania.com/2020/10/01/the-fall-2020-campaign-is-out/
12th September 2020,The Trackmania Grand League is back on September 13th!,https://www.trackmania.com/2020/09/12/the-trackmania-grand-league-is-back-on-september-13th/
11th September 2020,[10/09/2020] New update and changelog!,https://www.trackmania.com/2020/09/11/10-09-2020-new-update-and-changelog/
7th July 2020,Trackmania post launch adjustments,https://www.trackmania.com/2020/07/07/trackmania-post-launch-ajustments/
2nd July 2020,Trackmania Soundtrack: Out Now!,https://www.trackmania.com/2020/07/02/trackmania-soundtrack-out-now/
27th June 2020,Trackmania Offers Details,https://www.trackmania.com/2020/06/27/trackmania-offers-details/
26th June 2020,The ranking system in Trackmania,https://www.trackmania.com/2020/06/26/the-rankings-system-in-trackmania/
27th May 2020,"Trackmania® details racing experiences with starter, standard and club access",https://www.trackmania.com/2020/05/27/trackmania-details-racing-experiences-with-starter-standard-and-club-access/
22nd April 2020,Trackmania® will come out on July 1st,https://www.trackmania.com/2020/04/22/trackmania-will-come-out-on-july-1st/
28th February 2020,"Race, create and compete in the ultimate Trackmania® experience",https://www.trackmania.com/2020/02/28/race-create-and-compete-in-the-ultimate-trackmania-experience/
